Workbook

Sheet Portada
A1: Daily Scrum — Registro del equipo
A2: KontadorIA · Sistema de Finanzas para PYMEs
A4: Asignatura | B4: Capstone
A5: Sección | B5: 005D
A6: Docente | B6: Cindy Contador
A7: Sede | B7: Antonio Varas
A8: Scrum Master | B8: Diego Gallardo
A9: Product Owner | B9: Vicente Hermosilla
A10: Desarrollador | B10: Felipe Quezada
A11: Versión | B11: 1.0 · 11 de octubre de 2026
A13: Cómo se hace el Daily Scrum
A14: 1. Cuándo: todos los días hábiles del sprint, máximo 15 minutos, a la misma hora. Lo facilita el Scrum Master.
A15: 2. Para qué: inspeccionar el avance hacia el Sprint Goal y adaptar el plan del día. Los problemas se anotan y se resuelven después de la reunión.
A16: 3. Cada integrante responde cuatro puntos: avances desde el último daily, trabajo pendiente, dificultades y próximas acciones.
A17: 4. Al terminar: cada uno completa su fila en la hoja Registro diario, los impedimentos nuevos van a la hoja Impedimentos y el Scrum Master anota en Burndown los puntos que quedan según Jira.
A19: Ejemplo de una fila bien completada (no se cuenta en el registro)
A20: Fecha | B20: Integrante | C20: Avances | D20: Trabajo pendiente | E20: Dificultades | F20: Próximas acciones
A21: 13-10-2026 | B21: Felipe Quezada | C21: Terminé KONTADORIA-21: redirect URI y recuperación de contraseña en Entra. | D21: KONTADORIA-19 (validar firma del JWT) y KONTADORIA-20 (MSAL). | E21: El token de prueba no trae el claim email; hay que revisar el user flow. | F21: Hoy: validación de firma con JWKS. Diego prepara los tokens de prueba para KONTADORIA-23.
A24: Resumen
A25: Registros completados | B25: =COUNTIF('Registro diario'!E5:E400,"?*") -> 0
A26: Impedimentos abiertos | B26: =COUNTIF(Impedimentos!G5:G200,"Abierto")+COUNTIF(Impedimentos!G5:G200,"En curso") -> 0
A27: Impedimentos resueltos | B27: =COUNTIF(Impedimentos!G5:G200,"Resuelto") -> 0
A28: Pts pendientes Sprint 1 (último dato) | B28: =IFERROR(LOOKUP(2,1/(Burndown!D6:D11<>""),Burndown!D6:D11),Burndown!C4) -> 18
A30: Leyenda
A31: Celdas amarillas | B31: Se completan a mano. El resto se calcula solo; no editar.
A32: Nuevo sprint | B32: Duplicar la hoja Burndown, cambiar fechas y puntos comprometidos; el registro diario sigue en la misma hoja eligiendo el sprint.

Sheet Registro diario
A1: Registro diario
A2: Una fila por integrante y día. Las filas del Sprint 1 ya tienen fecha e integrante; agregar más filas abajo para los sprints siguientes.
A4: Fecha | B4: Sprint | C4: Integrante | D4: Rol | E4: Avances (desde el último daily) | F4: Trabajo pendiente | G4: Dificultades | H4: Próximas acciones | I4: Tareas Jira
A5: 46307 | B5: Sprint 1 | C5: Felipe Quezada | D5: =IF(C5="","",IFERROR(VLOOKUP(C5,Equipo!$A$2:$B$4,2,FALSE()),"")) -> Desarrollador
A6: 46307 | B6: Sprint 1 | C6: Diego Gallardo | D6: =IF(C6="","",IFERROR(VLOOKUP(C6,Equipo!$A$2:$B$4,2,FALSE()),"")) -> Scrum Master
A7: 46307 | B7: Sprint 1 | C7: Vicente Hermosilla | D7: =IF(C7="","",IFERROR(VLOOKUP(C7,Equipo!$A$2:$B$4,2,FALSE()),"")) -> Product Owner
A8: 46308 | B8: Sprint 1 | C8: Felipe Quezada | D8: =IF(C8="","",IFERROR(VLOOKUP(C8,Equipo!$A$2:$B$4,2,FALSE()),"")) -> Desarrollador
A9: 46308 | B9: Sprint 1 | C9: Diego Gallardo | D9: =IF(C9="","",IFERROR(VLOOKUP(C9,Equipo!$A$2:$B$4,2,FALSE()),"")) -> Scrum Master
A10: 46308 | B10: Sprint 1 | C10: Vicente Hermosilla | D10: =IF(C10="","",IFERROR(VLOOKUP(C10,Equipo!$A$2:$B$4,2,FALSE()),"")) -> Product Owner
A11: 46309 | B11: Sprint 1 | C11: Felipe Quezada | D11: =IF(C11="","",IFERROR(VLOOKUP(C11,Equipo!$A$2:$B$4,2,FALSE()),"")) -> Desarrollador
A12: 46309 | B12: Sprint 1 | C12: Diego Gallardo | D12: =IF(C12="","",IFERROR(VLOOKUP(C12,Equipo!$A$2:$B$4,2,FALSE()),"")) -> Scrum Master
A13: 46309 | B13: Sprint 1 | C13: Vicente Hermosilla | D13: =IF(C13="","",IFERROR(VLOOKUP(C13,Equipo!$A$2:$B$4,2,FALSE()),"")) -> Product Owner
A14: 46310 | B14: Sprint 1 | C14: Felipe Quezada | D14: =IF(C14="","",IFERROR(VLOOKUP(C14,Equipo!$A$2:$B$4,2,FALSE()),"")) -> Desarrollador
A15: 46310 | B15: Sprint 1 | C15: Diego Gallardo | D15: =IF(C15="","",IFERROR(VLOOKUP(C15,Equipo!$A$2:$B$4,2,FALSE()),"")) -> Scrum Master
A16: 46310 | B16: Sprint 1 | C16: Vicente Hermosilla | D16: =IF(C16="","",IFERROR(VLOOKUP(C16,Equipo!$A$2:$B$4,2,FALSE()),"")) -> Product Owner
... A19: 46311 | B19: Sprint 1 | C19: Vicente Hermosilla | D19: =IF(C19="","",IFERROR(VLOOKUP(C19,Equipo!$A$2:$B$4,2,FALSE()),"")) -> Product Owner
D20: =IF(C20="","",IFERROR(VLOOKUP(C20,Equipo!$A$2:$B$4,2,FALSE()),""))
D21: =IF(C21="","",IFERROR(VLOOKUP(C21,Equipo!$A$2:$B$4,2,FALSE()),""))
D22: =IF(C22="","",IFERROR(VLOOKUP(C22,Equipo!$A$2:$B$4,2,FALSE()),""))
D23: =IF(C23="","",IFERROR(VLOOKUP(C23,Equipo!$A$2:$B$4,2,FALSE()),""))
D24: =IF(C24="","",IFERROR(VLOOKUP(C24,Equipo!$A$2:$B$4,2,FALSE()),""))
D25: =IF(C25="","",IFERROR(VLOOKUP(C25,Equipo!$A$2:$B$4,2,FALSE()),""))
D26: =IF(C26="","",IFERROR(VLOOKUP(C26,Equipo!$A$2:$B$4,2,FALSE()),""))
D27: =IF(C27="","",IFERROR(VLOOKUP(C27,Equipo!$A$2:$B$4,2,FALSE()),""))
D28: =IF(C28="","",IFERROR(VLOOKUP(C28,Equipo!$A$2:$B$4,2,FALSE()),""))
D29: =IF(C29="","",IFERROR(VLOOKUP(C29,Equipo!$A$2:$B$4,2,FALSE()),""))
D30: =IF(C30="","",IFERROR(VLOOKUP(C30,Equipo!$A$2:$B$4,2,FALSE()),""))
D31: =IF(C31="","",IFERROR(VLOOKUP(C31,Equipo!$A$2:$B$4,2,FALSE()),""))
... D400: =IF(C400="","",IFERROR(VLOOKUP(C400,Equipo!$A$2:$B$4,2,FALSE()),""))

Sheet Impedimentos
A1: Impedimentos
A2: Todo lo que bloquea o frena el avance. El Scrum Master se asegura de que cada uno tenga responsable y se resuelva.
A4: N° | B4: Fecha reporte | C4: Reportado por | D4: Descripción | E4: Tarea / historia afectada | F4: Responsable de resolverlo | G4: Estado | H4: Fecha resolución | I4: Días abierto | J4: Cómo se resolvió
A5: =IF(D5="","",ROW()-4) | I5: =IF(OR(B5="",D5=""),"",IF(H5="",TODAY()-B5,H5-B5))
A6: =IF(D6="","",ROW()-4) | I6: =IF(OR(B6="",D6=""),"",IF(H6="",TODAY()-B6,H6-B6))
A7: =IF(D7="","",ROW()-4) | I7: =IF(OR(B7="",D7=""),"",IF(H7="",TODAY()-B7,H7-B7))
A8: =IF(D8="","",ROW()-4) | I8: =IF(OR(B8="",D8=""),"",IF(H8="",TODAY()-B8,H8-B8))
A9: =IF(D9="","",ROW()-4) | I9: =IF(OR(B9="",D9=""),"",IF(H9="",TODAY()-B9,H9-B9))
A10: =IF(D10="","",ROW()-4) | I10: =IF(OR(B10="",D10=""),"",IF(H10="",TODAY()-B10,H10-B10))
A11: =IF(D11="","",ROW()-4) | I11: =IF(OR(B11="",D11=""),"",IF(H11="",TODAY()-B11,H11-B11))
A12: =IF(D12="","",ROW()-4) | I12: =IF(OR(B12="",D12=""),"",IF(H12="",TODAY()-B12,H12-B12))
A13: =IF(D13="","",ROW()-4) | I13: =IF(OR(B13="",D13=""),"",IF(H13="",TODAY()-B13,H13-B13))
A14: =IF(D14="","",ROW()-4) | I14: =IF(OR(B14="",D14=""),"",IF(H14="",TODAY()-B14,H14-B14))
A15: =IF(D15="","",ROW()-4) | I15: =IF(OR(B15="",D15=""),"",IF(H15="",TODAY()-B15,H15-B15))
A16: =IF(D16="","",ROW()-4) | I16: =IF(OR(B16="",D16=""),"",IF(H16="",TODAY()-B16,H16-B16))
... A200: =IF(D200="","",ROW()-4) | I200: =IF(OR(B200="",D200=""),"",IF(H200="",TODAY()-B200,H200-B200))

Sheet Burndown
A1: Burndown — Sprint 1 (12 al 16 de octubre)
A2: Puntos pendientes al cierre de cada día. Real = suma de puntos de las historias que aún no cumplen la Definición de Terminado (ver Jira).
A4: Puntos comprometidos | C4: 18 | D4: Fuente: Sprint Backlog del Sprint 1 (HU17, HU01, HU05, HU04).
A5: Momento | B5: Fecha | C5: Ideal | D5: Real | E5: Comentario
A6: Inicio | B6: 46307 | C6: =ROUND($C$4-$C$4/5*0,1) -> 18 | D6: =$C$4 -> 18 | E6: Sprint Planning
A7: Cierre lun | B7: 46307 | C7: =ROUND($C$4-$C$4/5*1,1) -> 14.4
A8: Cierre mar | B8: 46308 | C8: =ROUND($C$4-$C$4/5*2,1) -> 10.8
A9: Cierre mié | B9: 46309 | C9: =ROUND($C$4-$C$4/5*3,1) -> 7.2
A10: Cierre jue | B10: 46310 | C10: =ROUND($C$4-$C$4/5*4,1) -> 3.6
A11: Cierre vie | B11: 46311 | C11: =ROUND($C$4-$C$4/5*5,1) -> 0

Sheet Equipo
A1: Integrante | B1: Rol
A2: Felipe Quezada | B2: Desarrollador
A3: Diego Gallardo | B3: Scrum Master
A4: Vicente Hermosilla | B4: Product Owner
